Track,Youtube URL
Of Monsters And Men - Sloom,https://www.youtube.com/watch?v=FubvitXV_zM
Radical Face - Wrapped In Piano Strings,https://www.youtube.com/watch?v=ZGVtsfXLIEg
Angus and Julia Stone - Big Jet Plane ,https://www.youtube.com/watch?v=yFTvbcNhEgc
Radical Face 'Welcome Home',https://www.youtube.com/watch?v=P8a4iiOnzsc
Family of the Year - Hero,https://www.youtube.com/watch?v=mYFaghHyMKc
Hola A Todo El Mundo - Hatem Prayer Team,https://www.youtube.com/watch?v=uEJuz2XHLwQ
Angus & Julia Stone - Devil's Tears,https://www.youtube.com/watch?v=9yQTGyYg0_E
1904' - Benjamin Francis Leftwich,https://www.youtube.com/watch?v=8xXKUgG5DME
Radical Face - Severus and Stone,https://www.youtube.com/watch?v=fs-8o21hbGw
Goldspot - What's under the house,https://www.youtube.com/watch?v=rr8oP8XzvqY
Of Monsters And Men - Love Love Love,https://www.youtube.com/watch?v=beiPP_MGz6I
Of Monsters and Men - King And Lionheart,https://www.youtube.com/watch?v=A76a_LNIYwE
Radical Face - We're On Our Way,https://www.youtube.com/watch?v=l0sQVIDOQRk
Atlas Hands' Official Video (HD) - Benjamin Francis Leftwich,https://www.youtube.com/watch?v=Pyue2N1XZ0M
3 Rounds and a Sound - Blind Pilot,https://www.youtube.com/watch?v=juvwlEO-x2o
The Heart of Life - John Mayer,https://www.youtube.com/watch?v=e2mJpQSkae8
Avalanche City - Love Love Love,https://www.youtube.com/watch?v=YWzzbuJJYQc
Avalanche City - Sunset,https://www.youtube.com/watch?v=uPDhiZg1m6o
Greg Laswell - Comes and Goes,https://www.youtube.com/watch?v=b0LNhIaGAUw
JIMMY EAT WORLD Hear You Me,https://www.youtube.com/watch?v=9pQo9OQlIB8